{
  "total_trades": 15551,
  "total_pnl": 71.3406177,
  "win_rate": 0.14005530190984503,
  "avg_pnl": 0.004587526056202173,
  "best_trade": 0.6008301,
  "worst_trade": -0.456555,
  "avg_duration_bars": 1.0735644010031509
}