{
  "run_info": {
    "run_id": "20250627_092639",
    "config_name": "bollinger",
    "generated_at": "2025-06-27T09:26:53.515244",
    "total_strategies": 1,
    "strategies_analyzed": 1,
    "execution_cost_bps": 1.0
  },
  "best_individual": {
    "strategy_hash": "3bee7e1ff576",
    "strategy_type": "bollinger_bands",
    "sharpe_ratio": -0.427598400030017,
    "total_return": -0.021513443544887823,
    "max_drawdown": -0.0649850166119641,
    "win_rate": 0.564902102973169,
    "avg_return_per_trade": -1.5067979530032418e-05,
    "num_trades": 1379,
    "total_execution_cost": 0.13790000000000002,
    "parameters": {
      "period": 10,
      "std_dev": 1.5
    }
  },
  "best_by_type": {
    "bollinger_bands": {
      "strategy_hash": "3bee7e1ff576",
      "sharpe_ratio": -0.427598400030017,
      "total_return": -0.021513443544887823,
      "win_rate": 0.564902102973169,
      "avg_return_per_trade": -1.5067979530032418e-05
    }
  },
  "ensemble": [],
  "stop_loss_recommendations": {
    "conservative": 0.25,
    "balanced": 0.5,
    "aggressive": 1.0
  },
  "stop_loss_analysis": {
    "3bee7e1f": {
      "optimal_stop_loss_pct": 0.5,
      "optimal_total_return": -0.020866441667733288,
      "improvement_pct": 18.562464196945847
    }
  }
}