{
  "analysis_metadata": {
    "classifier_name": "SPY_market_regime_grid_0006_12",
    "strategy_types_total": 45,
    "strategy_types_analyzed": 45,
    "cost_config": {
      "cost_multiplier": 0.99,
      "commission_per_trade": null,
      "slippage_bps": null,
      "fixed_cost_per_trade": null
    },
    "regimes_analyzed": [
      "bull_ranging",
      "bear_ranging",
      "neutral"
    ],
    "analysis_date": "2025-06-17T11:26:12.878364"
  },
  "regime_champions": {
    "bull_ranging": {
      "champion": {
        "strategy_name": "SPY_pivot_channel_bounces_grid_15_3_0.001",
        "strategy_type": "pivot_channel_bounces_grid",
        "return": 0.1191694874197633,
        "log_return": 0.11258688114882155,
        "trades": 1800,
        "win_rate": 0.5222222222222223,
        "avg_trade_return": 6.254826730490087e-05,
        "profit_factor": 1.143906724430517,
        "avg_bars_held": 16.252777777777776
      },
      "top_10": [
        {
          "strategy_name": "SPY_pivot_channel_bounces_grid_15_3_0.001",
          "strategy_type": "pivot_channel_bounces_grid",
          "return": 0.1191694874197633,
          "log_return": 0.11258688114882155,
          "trades": 1800,
          "win_rate": 0.5222222222222223,
          "avg_trade_return": 6.254826730490087e-05,
          "profit_factor": 1.143906724430517,
          "avg_bars_held": 16.252777777777776
        },
        {
          "strategy_name": "SPY_roc_threshold_grid_5_0.05",
          "strategy_type": "roc_threshold_grid",
          "return": 0.07214104245870945,
          "log_return": 0.0696576234518596,
          "trades": 3753,
          "win_rate": 0.40474287236877166,
          "avg_trade_return": 1.856051783955758e-05,
          "profit_factor": 1.0930762133923384,
          "avg_bars_held": 2.811084465760725
        },
        {
          "strategy_name": "SPY_sma_crossover_grid_27_35",
          "strategy_type": "sma_crossover_grid",
          "return": 0.06931546955730283,
          "log_return": 0.06701869567040643,
          "trades": 1191,
          "win_rate": 0.4080604534005038,
          "avg_trade_return": 5.62709451472766e-05,
          "profit_factor": 1.1255930712781987,
          "avg_bars_held": 24.450041981528127
        },
        {
          "strategy_name": "SPY_rsi_threshold_grid_27_50",
          "strategy_type": "rsi_threshold_grid",
          "return": 0.0476335802960548,
          "log_return": 0.04653388763945573,
          "trades": 2969,
          "win_rate": 0.19838329403839677,
          "avg_trade_return": 1.5673252825683976e-05,
          "profit_factor": 1.0607747153273983,
          "avg_bars_held": 12.267430111148535
        },
        {
          "strategy_name": "SPY_atr_channel_breakout_grid_7_30_1.5",
          "strategy_type": "atr_channel_breakout_grid",
          "return": 0.042007818796845786,
          "log_return": 0.04114944694682887,
          "trades": 2295,
          "win_rate": 0.27145969498910677,
          "avg_trade_return": 1.7930042242626958e-05,
          "profit_factor": 1.0920979680978624,
          "avg_bars_held": 5.99041394335512
        },
        {
          "strategy_name": "SPY_pivot_channel_bounces_grid_15_3_0.003",
          "strategy_type": "pivot_channel_bounces_grid",
          "return": 0.03486687847374048,
          "log_return": 0.03427279861295759,
          "trades": 261,
          "win_rate": 0.4061302681992337,
          "avg_trade_return": 0.00013131340464734708,
          "profit_factor": 1.1821780993639015,
          "avg_bars_held": 44.229885057471265
        },
        {
          "strategy_name": "SPY_mfi_bands_grid_7_25_85",
          "strategy_type": "mfi_bands_grid",
          "return": 0.03384242536947335,
          "log_return": 0.033282371213507696,
          "trades": 2702,
          "win_rate": 0.6080680977054034,
          "avg_trade_return": 1.2317679945783751e-05,
          "profit_factor": 1.0713164949025635,
          "avg_bars_held": 3.1476683937823835
        },
        {
          "strategy_name": "SPY_chaikin_money_flow_grid_20_0.1",
          "strategy_type": "chaikin_money_flow_grid",
          "return": 0.03261505407495413,
          "log_return": 0.032094472163024385,
          "trades": 2796,
          "win_rate": 0.4105865522174535,
          "avg_trade_return": 1.147870964342789e-05,
          "profit_factor": 1.0512616677727917,
          "avg_bars_held": 6.882689556509299
        },
        {
          "strategy_name": "SPY_stochastic_rsi_grid_7_21_15_85",
          "strategy_type": "stochastic_rsi_grid",
          "return": 0.024758447626783697,
          "log_return": 0.024456923966071277,
          "trades": 5252,
          "win_rate": 0.6681264280274182,
          "avg_trade_return": 4.656687731544417e-06,
          "profit_factor": 1.029914064776324,
          "avg_bars_held": 2.713632901751714
        },
        {
          "strategy_name": "SPY_atr_channel_breakout_grid_21_10_1.5",
          "strategy_type": "atr_channel_breakout_grid",
          "return": 0.019797388642366576,
          "log_return": 0.01960396897900772,
          "trades": 2021,
          "win_rate": 0.34388916378030676,
          "avg_trade_return": 9.700133092037468e-06,
          "profit_factor": 1.0563428636479502,
          "avg_bars_held": 2.566056407718951
        }
      ],
      "total_candidates": 78
    },
    "bear_ranging": {
      "champion": {
        "strategy_name": "SPY_stochastic_crossover_grid_27_7",
        "strategy_type": "stochastic_crossover_grid",
        "return": 0.15375284098684405,
        "log_return": 0.14301996922569082,
        "trades": 7344,
        "win_rate": 0.3221677559912854,
        "avg_trade_return": 1.947439668105812e-05,
        "profit_factor": 1.0929047921789372,
        "avg_bars_held": 3.9362745098039214
      },
      "top_10": [
        {
          "strategy_name": "SPY_stochastic_crossover_grid_27_7",
          "strategy_type": "stochastic_crossover_grid",
          "return": 0.15375284098684405,
          "log_return": 0.14301996922569082,
          "trades": 7344,
          "win_rate": 0.3221677559912854,
          "avg_trade_return": 1.947439668105812e-05,
          "profit_factor": 1.0929047921789372,
          "avg_bars_held": 3.9362745098039214
        },
        {
          "strategy_name": "SPY_stochastic_crossover_grid_27_5",
          "strategy_type": "stochastic_crossover_grid",
          "return": 0.14618627829461905,
          "log_return": 0.13644015158819925,
          "trades": 8503,
          "win_rate": 0.3463483476420087,
          "avg_trade_return": 1.604611920359864e-05,
          "profit_factor": 1.0808663388479174,
          "avg_bars_held": 3.3550511584146774
        },
        {
          "strategy_name": "SPY_trendline_bounces_grid_5_2_0.0005_0.1",
          "strategy_type": "trendline_bounces_grid",
          "return": 0.1107339710928601,
          "log_return": 0.10502103202335171,
          "trades": 899,
          "win_rate": 0.5706340378197998,
          "avg_trade_return": 0.00011681983539861147,
          "profit_factor": 1.3094245549522807,
          "avg_bars_held": 15.25250278086763
        },
        {
          "strategy_name": "SPY_tema_sma_crossover_grid_5_23",
          "strategy_type": "tema_sma_crossover_grid",
          "return": 0.10152987480323006,
          "log_return": 0.0967000088200486,
          "trades": 2781,
          "win_rate": 0.2815533980582524,
          "avg_trade_return": 3.477166804029076e-05,
          "profit_factor": 1.1006106815350982,
          "avg_bars_held": 12.20604099244876
        },
        {
          "strategy_name": "SPY_rsi_threshold_grid_27_50",
          "strategy_type": "rsi_threshold_grid",
          "return": 0.08931137624269891,
          "log_return": 0.08554573167855199,
          "trades": 2504,
          "win_rate": 0.21605431309904152,
          "avg_trade_return": 3.416363086204153e-05,
          "profit_factor": 1.1271397986469271,