{
  "diversified_ensemble": {
    "classifier": "SPY_market_regime_grid_0006_12",
    "ensemble_method": "diversified_regime_adaptive",
    "creation_date": "2025-06-17T11:25:38.099020",
    "diversification_config": {
      "strategies_per_regime": 3,
      "cross_regime_allocation": 0.15,
      "regime_specialist_allocation": 0.85
    },
    "regimes": {
      "bull_ranging": {
        "strategies": [
          {
            "strategy_name": "SPY_pivot_channel_bounces_grid_15_3_0.001",
            "strategy_type": "pivot_channel_bounces_grid",
            "expected_return": 0.1191694874197633,
            "weight_in_regime": 0.38382337277858797,
            "trades": 1800,
            "win_rate": 0.5222222222222223,
            "profit_factor": 1.143906724430517,
            "rank": 1
          },
          {
            "strategy_name": "SPY_pivot_channel_bounces_grid_30_2_0.001",
            "strategy_type": "pivot_channel_bounces_grid",
            "expected_return": 0.1191694874197633,
            "weight_in_regime": 0.38382337277858797,
            "trades": 1800,
            "win_rate": 0.5222222222222223,
            "profit_factor": 1.143906724430517,
            "rank": 2
          },
          {
            "strategy_name": "SPY_roc_threshold_grid_5_0.05",
            "strategy_type": "roc_threshold_grid",
            "expected_return": 0.07214104245870945,
            "weight_in_regime": 0.23235325444282404,
            "trades": 3753,
            "win_rate": 0.40474287236877166,
            "profit_factor": 1.0930762133923384,
            "rank": 3
          }
        ],
        "regime_expected_return": 0.1082422751816772,
        "regime_frequency": 0.447,
        "allocation_weight": 0.85
      },
      "bear_ranging": {
        "strategies": [
          {
            "strategy_name": "SPY_stochastic_crossover_grid_5_7",
            "strategy_type": "stochastic_crossover_grid",
            "expected_return": 0.20983049671197684,
            "weight_in_regime": 0.4495557821074502,
            "trades": 8546,
            "win_rate": 0.3659021764568219,
            "profit_factor": 1.112716791063833,
            "rank": 1
          },
          {
            "strategy_name": "SPY_stochastic_crossover_grid_27_5",
            "strategy_type": "stochastic_crossover_grid",
            "expected_return": 0.14618627829461905,
            "weight_in_regime": 0.31319988134195603,
            "trades": 8503,
            "win_rate": 0.3463483476420087,
            "profit_factor": 1.0808663388479174,
            "rank": 2
          },
          {
            "strategy_name": "SPY_trendline_bounces_grid_10_2_0.0001_0.1",
            "strategy_type": "trendline_bounces_grid",
            "expected_return": 0.1107339710928601,
            "weight_in_regime": 0.2372443365505938,
            "trades": 899,
            "win_rate": 0.5706340378197998,
            "profit_factor": 1.3094245549522807,
            "rank": 3
          }
        ],
        "regime_expected_return": 0.1663870455805826,
        "regime_frequency": 0.348,
        "allocation_weight": 0.85
      },
      "neutral": {
        "strategies": [
          {
            "strategy_name": "SPY_ichimoku_grid_9_35",
            "strategy_type": "ichimoku_grid",
            "expected_return": 0.08600880921704057,
            "weight_in_regime": 0.3702807769768676,
            "trades": 1476,
            "win_rate": 0.22628726287262874,
            "profit_factor": 1.1226140731898024,
            "rank": 1
          },
          {
            "strategy_name": "SPY_williams_r_grid_21_-80_-20",
            "strategy_type": "williams_r_grid",
            "expected_return": 0.07450325494354915,
            "weight_in_regime": 0.32074764642058673,
            "trades": 2301,
            "win_rate": 0.6640591047370709,
            "profit_factor": 1.1633240055478158,
            "rank": 2
          },
          {
            "strategy_name": "SPY_ichimoku_grid_11_26",
            "strategy_type": "ichimoku_grid",
            "expected_return": 0.07176790975340519,
            "weight_in_regime": 0.3089715766025457,
            "trades": 1465,
            "win_rate": 0.22662116040955632,
            "profit_factor": 1.1026047457140697,
            "rank": 3
          }
        ],
        "regime_expected_return": 0.0779183966035361,
        "regime_frequency": 0.185,
        "allocation_weight": 0.85
      }
    },
    "cross_regime_strategies": {},
    "expected_performance": {
      "total_expected_return": 0.10259660840392062,
      "regime_specialist_contribution": 0.10259660840392062,
      "cross_regime_contribution": 0,
      "breakdown": {
        "bull_ranging": {
          "contribution": 0.04112665245527825
        },
        "bear_ranging": {
          "contribution": 0.04921728808273632
        },
        "neutral": {
          "contribution": 0.01225266786590605
        }
      }
    }
  },
  "cross_regime_performers": {},
  "ensemble_comparison": {
    "simple_return": 0.14220140343755464,
    "diversified_return": 0.10259660840392062,
    "return_difference": -0.03960479503363401,
    "diversification_benefit": false
  },
  "analysis_metadata": {
    "creation_date": "2025-06-17T11:25:38.099102",
    "base_analysis": "workspaces/complete_strategy_grid_v1_fc4cc700/comprehensive_regime_ensemble.json",
    "diversification_approach": "multi_strategy_per_regime_plus_cross_regime"
  }
}